1,240,388,192,0.0106735434672494
2,117,197,185,0.0102844038616726
3,355,37,185,0.0102844038616726
4,165,192,179,0.00995085562832105
5,183,181,175,0.00972849013942002
6,316,290,167,0.00928375916161796
7,234,30,156.454466256742,0.0086975184699825
8,145,11,155.007431704688,0.00861707583357645
9,284,228,153.573780656761,0.00853737720452999
10,311,283,152.153389330026,0.00845841570157997
11,361,4,150.746135086409,0.00838018450710745
12,38,379,149.351896422102,0.00830267686654911
13,185,157,147.970552957077,0.00822588608781402
14,226,202,146.601985424693,0.00814980554070585
15,374,302,145.246075661394,0.00807442865635042
16,208,319,143.902706596509,0.00799974892662853
17,335,220,142.571762242146,0.00792575990361403
18,117,382,141.253127683174,0.00785245519901713
19,263,31,139.946689067303,0.0077798284836328
20,49,41,138.652333595254,0.0077078734867943
21,192,179,137.369949511018,0.00763658399583179
22,161,251,136.099426092209,0.00756595385553589
23,92,178,134.840653640504,0.00749597696762626
24,218,275,133.59352347217,0.00742664729022505
25,362,149,132.357927908681,0.00735795883733524
26,283,319,131.13376026742,0.00728990567832382
27,77,28,129.920914852472,0.0072224819374097
28,335,5,128.71928694549,0.00715568179315642
29,411,410,127.528772796662,0.00708949947796951
30,118,293,126.349269615749,0.00702392927759851
31,43,332,125.18067556321,0.00695896553064359
32,80,408,124.02288974141,0.00689460262806673
33,394,209,122.875812185906,0.00683083501270748
34,95,294,121.73934385682,0.00676765717880308
35,102,376,120.613386630287,0.00670506367151313
36,176,204,119.497843289978,0.00664304908644861
37,374,30,118.392617518712,0.00658160806920523
38,148,84,117.297613890138,0.00652073531490117
39,378,55,116.212737860495,0.00646042556771902
40,224,156,115.137895760449,0.00640067362045199
41,62,212,114.072994787007,0.00634147431405432
42,159,324,113.017942995502,0.00628282253719585
43,38,412,111.972649291657,0.00622471322582069
44,211,93,110.937023423718,0.00616714136270998
45,64,133,109.910975974662,0.00611010197704872
46,269,39,108.894418354476,0.00605359014399657
47,344,325,107.887262792511,0.00599760098426262
48,324,129,106.889422329899,0.00594212966368414
49,278,165,105.900810812049,0.00588717139280916
50,236,371,104.921342881206,0.00583272142648298
51,104,369,103.950933969083,0.00577877506343843
52,5,271,102.989500289556,0.00572532764588997
53,197,392,102.036958831435,0.00567237455913155
54,25,49,101.093227351291,0.00561991123113817
55,285,344,100.158224366359,0.00556793313217109
56,345,160,99.2318691475012,0.00551643577438676
57,309,349,98.3140817122373,0.00546541471144934
58,196,66,97.4047828178379,0.00541486553814677
59,222,408,96.5038939544835,0.00536478389001045
60,394,395,95.6113373384853,0.00531516544293837
61,280,375,94.7270359055696,0.00526600591282182
62,331,58,93.8509133042236,0.00521730105517544
63,157,171,92.9828938891038,0.00516904666477077
64,9,163,92.1229027145039,0.00512123857527315
65,18,319,91.2708655278846,0.00507387265888203
66,255,402,90.426708763462,0.00502694482597455
67,308,404,89.5903595358563,0.00498045102475241
68,144,373,88.7617456337987,0.0049343872408921
69,324,248,87.9407955138961,0.00488874949719823
70,31,40,87.1274382944548,0.00484353385326017
71,314,111,86.32160374936,0.00479873640511184
72,7,145,85.5232223020124,0.00475435328489459
73,58,265,84.7322250193209,0.00471038066052332
74,269,58,83.948543605751,0.00466681473535554
75,77,172,83.1721103974282,0.00462365174786362
76,183,191,82.4028583562953,0.00458088797130996
77,127,141,81.6407210643249,0.00453851971342528
78,2,249,80.8856327177842,0.00449654331608979
79,303,402,80.137528121554,0.00445495515501733
80,31,146,79.3963426834994,0.00441375163944249
81,14,298,78.6620124088926,0.00437292921181055
82,247,129,77.9344738948881,0.00433248434747032
83,405,197,77.2136643250481,0.00429241355436981
84,328,377,76.4995214639187,0.00425271337275476
85,316,247,75.7919836516567,0.00421338037486986
86,351,275,75.0909897987058,0.00417441116466285
87,304,110,74.3964793805221,0.00413580237749128
88,371,142,73.708392432348,0.00409755067983199
89,88,183,73.0266695440352,0.00405965276899332
90,190,39,72.3512518549149,0.00402210537282991
91,35,220,71.682081048716,0.00398490524946023
92,74,336,71.0190993485296,0.00394804918698663
93,394,256,70.3622495118208,0.00391153400321806
94,255,144,69.7114748254863,0.00387535654539526
95,235,317,69.0667191009574,0.00383951368991861
96,176,410,68.4279266693492,0.0038040023420784
97,164,145,67.7950423766535,0.00376881943578763
98,247,337,67.168011578977,0.0037339619333173
99,306,139,66.5467801378236,0.00369942682503411
100,223,78,65.9312944154194,0.00366521112914061
101,45,365,65.3215012700821,0.00363131189141775
102,69,11,64.7173480516322,0.00359772618496981
103,224,314,64.1187825968477,0.00356445110997171
104,70,379,63.5257532249598,0.00353148379341857
105,223,14,62.9382087331909,0.00349882138887775
106,360,199,62.3560983923337,0.00346646107624299
107,319,173,61.7793719423714,0.00343440006149098
108,256,142,61.2079795881376,0.00340263557644011
109,20,389,60.6418719950177,0.00337116487851143
110,339,217,60.0810002846886,0.00333998525049191
111,303,268,59.525316030899,0.00330909400029978
112,403,134,58.974771255288,0.00327848846075211
113,21,273,58.4293184232425,0.00324816598933456
114,142,31,57.8889104397934,0.00321812396797313
115,104,241,57.3535006455489,0.00318835980280824
116,302,68,56.8230428126661,0.00315887092397065
117,363,286,56.2974911408598,0.00312965478535966
118,277,301,55.7768002534478,0.00310070886442324
119,324,201,55.2609251934331,0.00307203066194024
120,51,87,54.7498214196222,0.00304361770180458
121,351,144,54.2434448027797,0.00301546753081152
122,234,132,53.7417516218176,0.00298757771844578
123,19,343,53.2446985600208,0.00295994585667174
124,144,45,52.7522427013071,0.00293256955972547
125,294,102,52.2643415265213,0.00290544646390882
126,73,413,51.7809529097647,0.00287857422738524
127,123,380,51.3020351147574,0.00285195052997769
128,165,74,50.8275467912349,0.00282557307296822
129,395,21,50.3574469713782,0.00279943957889954
130,159,61,49.891695066276,0.00277354779137838
131,180,176,49.4302508624206,0.00274789547488067
132,263,117,48.9730745182359,0.00272248041455851
133,188,410,48.520126560637,0.00269730041604896
134,311,288,48.0713678816225,0.00267235330528455
135,105,350,47.6267597348977,0.00264763692830559
136,11,240,47.1862637325293,0.00262314915107419
137,253,327,46.7498418416306,0.00259888785928999
138,45,411,46.3174563810781,0.00257485095820763
139,55,322,45.889070018258,0.00255103637245587
140,312,19,45.4646457658427,0.00252744204585842
141,49,30,45.0441469785973,0.0025040659412564
142,33,85,44.6275373502158,0.00248090604033242
143,306,248,44.2147809101863,0.00245796034343636
144,358,355,43.8058420206849,0.00243522686941271
145,237,181,43.4006853734995,0.00241270365542949
146,72,276,42.9992759869805,0.0023903887568088
147,276,338,42.6015792030205,0.00236828024685889
148,189,75,42.2075606840625,0.00234637621670785
149,184,253,41.8171864101345,0.00232467477513875
150,250,409,41.4304226759125,0.00230317404842639
151,172,333,41.0472360878104,0.00228187218017548
152,25,236,40.6675935610964,0.00226076733116039
153,201,171,40.291462317037,0.00223985767916633
154,352,364,39.9188098800661,0.00221914141883203
155,113,296,39.5496040749819,0.00219861676149387
156,199,202,39.1838130241681,0.00217828193503141
157,131,22,38.821405144842,0.00215813518371443
158,366,2,38.4623491463274,0.00213817476805129
159,202,246,38.106614027353,0.00211839896463879
160,413,140,37.7541690733759,0.00209880606601333
161,201,136,37.4049838539292,0.00207939438050352
162,132,371,37.0590282199951,0.00206016223208406
163,200,34,36.7162723014016,0.00204110796023112
164,333,214,36.3766865042434,0.00202222991977888
165,341,59,36.0402415083267,0.00200352648077756
166,261,273,35.7069082646381,0.00198499602835261
167,349,194,35.3766579928359,0.00196663696256536
168,226,219,35.0494621787654,0.00194844769827482
169,206,308,34.7252925719971,0.00193042666500085
170,90,137,34.4041211833873,0.00191257230678854
171,221,224,34.0859202826618,0.0018948830820739
172,352,400,33.7706623960212,0.00187735746355071
173,412,287,33.4583203037692,0.00185999393803872
174,305,283,33.1488670379621,0.00184279100635291
175,171,110,32.8422758800806,0.00182574718317415
176,7,259,32.5385203587228,0.00180886099692087
177,170,306,32.2375742473185,0.00179213098962205
178,121,256,31.9394115618652,0.00177555571679133
179,340,402,31.6440065586839,0.00175913374730228
180,388,329,31.351333732197,0.00174286366326483
181,355,404,31.0613678127261,0.00172674405990288
182,28,186,30.7740837643096,0.00171077354543298
183,276,227,30.4894567825416,0.00169495074094417
184,65,129,30.2074622924303,0.00167927428027892
185,259,37,29.9280759462758,0.00166374280991519
186,43,337,29.6512736215682,0.00164835498884955
187,179,288,29.3770314189044,0.00163310948848139
188,90,170,29.1053256599254,0.00161800499249825
189,362,93,28.8361328852712,0.00160304019676209
190,131,369,28.5694298525553,0.00158821380919678
191,237,277,28.3051935343584,0.00157352454967646
192,48,68,28.0434011162399,0.00155897114991509
193,107,254,27.7840299947679,0.00154455235335685
194,344,172,27.5270577755679,0.00153026691506776
195,231,63,27.2724622713892,0.00151611360162808
196,59,158,27.0202215001891,0.00150209119102591
197,24,385,26.7703136832351,0.00148819847255162
198,81,28,26.5227172432242,0.00147443424669332
199,41,137,26.2774108024203,0.00146079732503334
200,92,15,26.0343731808082,0.00144728653014556
201,47,375,25.7935833942649,0.0014339006954938
202,272,71,25.5550206527479,0.00142063866533104
203,201,15,25.3186643584999,0.00140749929459972
204,373,398,25.0844941042708,0.00139448144883279
205,196,297,24.8524896715555,0.0013815840040558
206,149,212,24.6226310288479,0.00136880584668985
207,164,98,24.3948983299119,0.00135614587345544
208,53,391,24.1692719120678,0.00134360299127721
209,67,96,23.9457322944939,0.00133117611718957
210,135,312,23.7242601765454,0.00131886417824318
211,185,51,23.5048364360876,0.00130666611141233
212,233,173,23.2874421278447,0.00129458086350315
213,89,372,23.0720584817641,0.00128260739106265
214,14,105,22.8586669013963,0.00127074466028869
215,336,74,22.6472489622885,0.00125899164694065
216,127,393,22.4377864103941,0.00124734733625104
217,298,222,22.230261160497,0.00123581072283787
218,113,30,22.0246552946494,0.00122438081061784
219,127,13,21.8209510606256,0.00121305661272036
220,205,104,21.6191308703883,0.0012018371514023
221,166,262,21.4191772985708,0.00119072145796363
222,175,338,21.2210730809721,0.00117970857266371
223,40,361,21.0248011130665,0.00116879754463848
224,105,265,20.8303444485264,0.00115798743181835
225,89,100,20.6376862977598,0.00114727730084685
226,281,107,20.4468100264598,0.00113666622700005
227,156,405,20.2576991541692,0.0011261532941067
228,108,376,20.0703373528569,0.00111573759446915
229,34,372,19.8847084455088,0.001105418228785
230,219,145,19.7007964047304,0.00109519430606938
231,121,336,19.5185853513633,0.00108506494357809
232,105,410,19.3380595531141,0.00107502926673136
233,300,130,19.1592034231963,0.00106508640903833
234,323,152,18.9820015189841,0.00105523551202224
235,327,353,18.8064385406793,0.00104547572514633
236,322,265,18.6324993299904,0.00103580620574035
237,44,363,18.4601688688236,0.00102622611892788
238,336,14,18.2894322779864,0.00101673463755417
239,309,342,18.1202748159023,0.00100733094211478
240,231,381,17.9526818773389,0.000998014220684779
241,248,238,17.7866389921463,0.000988783668848678
242,95,224,17.6221318240076,0.000979638489630956
243,28,166,17.4591461692014,0.000970577893427252
244,187,15,17.2976679553757,0.000961601097936195
245,73,229,17.1376832403321,0.000952707328091852
246,256,400,16.9791782108225,0.000943895815996812
247,321,222,16.8221391813567,0.000935165800855886
248,30,215,16.6665525930203,0.000926516528910416
249,22,327,16.512405012304,0.000917947253373195
250,3,114,16.3596831299443,0.000909457234363993
251,410,328,16.2083737597736,0.000901045738845668
252,108,407,16.0584638375825,0.000892712040560882
253,11,11,15.9099404199911,0.000884455419969388
254,385,262,15.7627906833317,0.000876275164185912
255,58,82,15.6170019225421,0.000868170566918594
256,259,227,15.4725615500676,0.000860140928408012
257,135,343,15.3294570947752,0.000852185555366759
258,205,240,15.1876762008762,0.000844303760919589
259,217,20,15.0472066268596,0.000836494864544109
260,254,42,14.9080362444351,0.000828758192012019
261,237,322,14.7701530374861,0.000821093075330904
262,281,123,14.6335451010319,0.000813498852686556
263,28,328,14.4982006402002,0.000805974868385832
264,304,36,14.3641079692082,0.000798520472800039
265,209,283,14.2312555103543,0.000791135022308851
266,401,280,14.0996317930179,0.000783817879244731
267,15,385,13.9692254526693,0.000776568411837877
268,184,340,13.8400252298883,0.000769385994161674
269,49,287,13.7120199693924,0.000762270006078652
270,217,212,13.585198619073,0.00075521983318694
271,90,163,13.459550229042,0.000748234866767223
272,178,284,13.3350639506857,0.000741314503730177
273,267,92,13.2117290357282,0.000734458146564404
274,74,412,13.0895348353037,0.00072766520328484
275,254,187,12.968470799037,0.000720935087381643
276,96,14,12.8485264741321,0.00071426721776955
277,93,90,12.7296915044704,0.000707661018737711
278,147,315,12.6119556297161,0.000701115919899976
279,8,235,12.4953086844303,0.000694631356145652
280,158,80,12.3797405971934,0.000688206767590707
281,188,389,12.2652413897357,0.000681841599529431
282,316,375,12.1518011760757,0.000675535302386542
283,391,97,12.0394101616663,0.000669287331669735
284,116,78,11.9280586425496,0.00066309714792267
285,270,349,11.8177370045186,0.000656964216678392
286,269,14,11.7084357222876,0.00065088800841319
287,199,135,11.6001453586693,0.000644867998500874
288,173,380,11.4928565637601,0.000638903667167478
289,329,269,11.386560074133,0.000632994499446383
290,45,28,11.2812467120378,0.000627139985133853
291,276,294,11.1769073846083,0.000621339618744988
292,195,284,11.0735330830777,0.000615592899470072
293,357,404,10.9711148820004,0.000609899331131341
294,163,394,10.8696439384815,0.000604258422140136
295,197,214,10.7691114914135,0.000598669685454462
296,286,34,10.6695088607195,0.000593132638536936
297,349,390,10.5708274466039,0.000587646803313123
298,333,209,10.4730587288101,0.00058221170613026
299,15,331,10.3761942658844,0.000576826877716359
300,295,351,10.2802256944476,0.000571491853139691
301,342,96,10.1851447284727,0.000566206171768642
302,367,2,10.0909431585694,0.000560969377231942
303,326,84,9.99761285127532,0.000555781017379262
304,346,231,9.90514574835404,0.000550640644242174
305,289,268,9.8135338660989,0.000545547813995472
306,401,393,9.72276929464399,0.000540502086918856
307,382,398,9.63284419728107,0.000535503027358961
308,16,201,9.54375080978296,0.000530550203691745
309,258,193,9.45548143973321,0.00052564318828522
310,266,189,9.36802846586189,0.000520781557462534
311,129,96,9.28138433738757,0.000515964891465385
312,44,353,9.19554157336538,0.000511192774417782
313,205,314,9.11049276204109,0.000506464794290138
314,172,315,9.0262305602112,0.000501780542863693
315,252,52,8.94274769258887,0.000497139615695268
316,409,182,8.86003695117581,0.000492541612082348
317,84,28,8.7780911946399,0.00048798613502848
318,339,152,8.69690334769865,0.000483472791209002
319,233,344,8.61646640050825,0.000479001190937077
320,405,55,8.53677340805836,0.00047457094813005
321,137,350,8.45781748957248,0.000470181680276114
322,351,175,8.37959182791386,0.000465833008401283
323,69,400,8.30208966899686,0.000461524557036667
324,179,46,8.22530432120387,0.000457255954186061
325,226,343,8.14922915480746,0.00045302683129382
326,369,407,8.07385760139802,0.00044883682321304
327,398,333,7.99918315331664,0.000444685568174032
328,61,348,7.92519936309319,0.000440572707753085
329,39,205,7.85189984288969,0.00043649788684152
330,177,8,7.77927826394872,0.000432460753615026
331,398,168,7.70732835604704,0.000428460959503291
332,101,117,7.63604390695419,0.000424498159159898
333,167,21,7.56541876189611,0.000420572010432512
334,235,225,7.49544682302376,0.000416682174333336
335,306,205,7.42612204888658,0.000412828315009844
336,72,214,7.35743845391092,0.000409010099715783
337,169,382,7.2893901078832,0.000405227198782443
338,51,247,7.22197113543788,0.000401479285590191
339,85,81,7.15517571555023,0.000397766036540274
340,98,378,7.08899808103368,0.000394087131026877
341,362,382,7.02343251804189,0.000390442251409443
342,208,65,6.95847336557545,0.000386831082985243
343,183,152,6.89411501499302,0.000383253313962212
344,277,394,6.83035190952718,0.000379708635432022
345,48,48,6.76717854380455,0.000376196741343413
346,5,141,6.70458946337052,0.000372717328475768
347,77,146,6.64257926421829,0.000369270096412934
348,373,404,6.58114259232227,0.000365854747517282
349,390,27,6.5202741431758,0.000362470986904006
350,87,194,6.45996866133318,0.00035911852241567
351,100,162,6.40022093995592,0.000355797064596975
352,32,226,6.3410258203631,0.000352506326669772
353,219,375,6.28237819158607,0.0003492460245083
354,7,119,6.22427298992708,0.000346015876614651
355,311,172,6.16670519852212,0.000342815604094472
356,87,232,6.10966984690773,0.000339644930632878
357,390,360,6.05316201059188,0.0003365035824706
358,111,319,5.99717681062875,0.000333391288380344
359,134,277,5.94170941319749,0.000330307779643376
360,397,374,5.88675502918487,0.000327252790026321
361,306,396,5.83230891377176,0.000324226055758172
362,108,176,5.77836636602351,0.00032122731550752
363,331,377,5.72492272848399,0.000318256310359989
364,212,158,5.67197338677352,0.00031531278379588
365,288,147,5.61951376919044,0.000312396481668024
366,275,82,5.56753934631638,0.000309507152179839
367,39,19,5.51604563062518,0.000306644545863588
368,123,195,5.46502817609548,0.000303808415558843
369,6,341,5.41448257782676,0.000300998516391138
370,158,16,5.36440447165909,0.000298214605750835
371,11,132,5.31478953379629,0.000295456443272171
372,294,28,5.26563348043263,0.000292723790812507
373,215,204,5.21693206738293,0.000290016412431765
374,128,80,5.16868108971614,0.000287334074372058
375,340,387,5.12087638139228,0.000284676545037507
376,176,291,5.07351381490272,0.000282043594974242
377,317,369,5.02658930091383,0.000279434996850596
378,102,168,4.98009878791388,0.000276850525437473
379,318,121,4.93403826186326,0.000274289957588902
380,35,50,4.88840374584786,0.00027175307222277
381,164,163,4.84319129973574,0.000269239650301737
382,121,132,4.79839701983691,0.000266749474814319
383,167,351,4.75401703856629,0.000264282330756154
384,100,134,4.71004752410979,0.000261838005111439
385,89,128,4.66648468009343,0.000259416286834535
386,185,345,4.62332474525561,0.000257016966831747
387,188,205,4.58056399312231,0.000254639837943273
388,97,358,4.53819873168537,0.000252284694925312
389,53,74,4.49622530308371,0.000249951334432347
390,115,296,4.45464008328752,0.000247639554999587
391,322,203,4.41343948178532,0.000245349157025574
392,53,295,4.372619941274,0.000243079942754946
393,376,270,4.33217793735164,0.000240831716261362
394,63,103,4.29210997821325,0.000238604283430593
395,340,48,4.25241260434921,0.000236397451943753
396,357,34,4.21308238824668,0.000234211031260697
397,123,156,4.17411593409356,0.000232044832603572
398,338,190,4.13550987748536,0.000229898668940516
399,282,23,4.09726088513468,0.000227772354969509
400,118,231,4.05936565458344,0.000225665707102373
401,210,179,4.02182091391771,0.000223578543448924
402,89,46,3.98462342148522,0.000221510683801263
403,152,395,3.9477699656155,0.000219461949618222
404,66,369,3.91125736434253,0.000217432164009944
405,108,359,3.87508246513005,0.000215421151722612
406,97,353,3.83924214459934,0.000213428739123317
407,393,170,3.80373330825956,0.000211454754185066
408,380,197,3.76855289024056,0.000209499026471932
409,405,272,3.73369785302818,0.000207561387124333
410,317,394,3.69916518720196,0.000205641668844458
411,317,387,3.66495191117535,0.000203739705881817
412,15,385,3.63105507093824,0.000201855334018935
413,224,294,3.5974717398019,0.000199988390557171
414,374,272,3.56419901814632,0.000198138714302668
415,157,312,3.53123403316985,0.000196306145552441
416,335,258,3.49857393864112,0.000194490526080583
417,12,258,3.46621591465334,0.000192691699124604
418,110,385,3.43415716738081,0.000190909509371902
419,219,190,3.40239492883768,0.000189143802946343
420,18,31,3.37092645663898,0.000187394427394985
421,376,9,3.33974903376384,0.000185661231674909
422,283,343,3.30885996832089,0.00018394406614018
423,35,211,3.27825659331584,0.000182242782528925
424,373,85,3.24793626642122,0.000180557233950534
425,89,303,3.21789636974822,0.000178887274872978
426,73,172,3.18813430962068,0.000177232761110237
427,42,151,3.15864751635113,0.00017559354980986
428,43,99,3.12943344401892,0.000173969499440625
429,304,153,3.10048957025045,0.00017236046978032
430,288,195,3.07181339600129,0.00017076632190364
431,42,304,3.04340244534053,0.000169186918170183
432,112,229,3.01525426523688,0.000167622122212578
433,100,398,2.98736642534699,0.000166071798924701
434,412,295,2.95973651780552,0.000164535814450013
435,43,102,2.93236215701729,0.000163014036170006
436,293,392,2.90524097945131,0.000161506332692748
437,103,219,2.87837064343666,0.000160012573841541
438,48,171,2.85174882896039,0.000158532630643678
439,44,185,2.82537323746711,0.000157066375319314
440,22,295,2.79924159166062,0.000155613681270427
441,36,193,2.77335163530723,0.00015417442306989
442,354,251,2.74770113304097,0.000152748476450642
443,278,242,2.72228787017058,0.000151335718294955
444,46,172,2.69710965248831,0.000149936026623812
445,17,107,2.67216430608046,0.000148549280586365
446,327,9,2.64744967713967,0.000147175360449509
447,8,388,2.62296363177898,0.000145814147587538
448,47,169,2.59870405584755,0.000144465524471907
449,397,226,2.57466885474818,0.000143129374661083
450,10,37,2.55085595325642,0.000141805582790491
451,15,213,2.52726329534137,0.000140494034562553
452,333,332,2.50388884398825,0.00013919461673682
453,268,342,2.48073058102241,0.000137907217120195
454,12,128,2.45778650693515,0.000136631724557247
455,76,114,2.43505464071107,0.000135368028920609
456,25,109,2.41253301965701,0.000134116021101477
457,200,245,2.39021969923261,0.000132875593000182
458,123,188,2.36811275288239,0.000131646637516863
459,155,241,2.34621027186943,0.000130429048542215
460,360,60,2.32451036511056,0.00012922272094833
461,405,138,2.30301115901309,0.000128027550579618
462,266,355,2.28171079731303,0.000126843434243817
463,340,92,2.26060744091482,0.000125670269703082
464,353,353,2.23969926773255,0.000124507955665157
465,87,326,2.21898447253264,0.000123356391774628
466,17,179,2.19846126677796,0.000122215478604264
467,350,129,2.1781278784734,0.000121085117646425
468,135,263,2.15798255201291,0.00011996521130456
469,58,76,2.13802354802789,0.000118855662884783
470,401,155,2.118249143237,0.000117756376587521
471,207,372,2.09865763029743,0.000116667257499241
472,226,243,2.0792473176574,0.00011558821158426
473,94,19,2.06001652941017,0.000114519145676623
474,295,181,2.04096360514933,0.000113459967472059
475,188,145,2.02208689982543,0.000112410585520012
476,322,210,2.00338478360395,0.000111370909215744
477,61,352,1.98485564172456,0.000110340848792512
478,28,323,1.96649787436174,0.000109320315313821
479,185,47,1.94830989648662,0.00010830922066574
480,260,78,1.9302901377301,0.000107307477549297
481,229,71,1.91243704224735,0.000106314999472942
482,324,246,1.89474906858337,0.000105331700745078
483,128,272,1.87722468953999,0.000104357496466661
484,26,153,1.85986239204395,0.000103392302523873
485,137,230,1.84266067701629,0.000102436035580857
486,411,13,1.82561805924289,0.000101488613072523
487,313,115,1.80873306724628,0.000100549953197419
488,215,188,1.79200424315855,9.96199749106675e-05
489,272,160,1.7754301425955,9.86985979169679e-05
490,54,112,1.7590093345319,9.7785742663665e-05
491,70,412,1.74274040117798,9.68813303338795e-05
492,399,277,1.72662193785699,9.59852828397027e-05
493,216,370,1.71065255288389,9.50975228154549e-05
494,251,211,1.69483086744526,9.42179736110052e-05
495,194,180,1.67915551548019,9.33465592851531e-05
496,409,348,1.66362514356237,9.24832045990725e-05
497,218,69,1.64823841078319,9.16278350098148e-05
498,207,76,1.63299398863603,9.0780376663873e-05
499,270,64,1.6178905609015,8.99407563908054e-05
500,2,207,1.60292682353382,8.91089016969176e-05
501,361,371,1.58810148454821,8.82847407590032e-05
502,373,375,1.57341326390938,8.74682024181431e-05
503,388,161,1.55886089342095,8.6659216173561e-05
504,168,116,1.544443116616,8.58577121765367e-05
505,216,336,1.53015868864858,8.50636212243749e-05
506,164,213,1.5160063761862,8.42768747544305e-05
507,193,347,1.50198495730337,8.34974048381886e-05
508,43,245,1.48809322137608,8.27251441753996e-05
509,100,6,1.47432996897729,8.19600260882685e-05
510,357,86,1.46069401177337,8.12019845156976e-05
511,380,115,1.44718417242147,8.04509540075831e-05
512,39,221,1.43379928446792,7.97068697191635e-05
513,219,345,1.42053819224744,7.89696674054217e-05
514,244,19,1.40739975078345,7.8239283415537e-05
515,179,57,1.39438282568913,7.75156546873902e-05
516,279,393,1.38148629306952,7.67987187421184e-05
517,69,103,1.36870903942448,7.60884136787207e-05
518,358,281,1.35604996155255,7.53846781687134e-05
519,79,385,1.34350796645566,7.4687451450835e-05
520,187,167,1.33108197124481,7.39966733257996e-05
521,190,38,1.31877090304656,7.33122841511e-05
522,50,356,1.30657369891037,7.26342248358576e-05
523,378,68,1.29448930571685,7.19624368357203e-05
524,88,320,1.28251668008683,7.12968621478081e-05
525,357,56,1.27065478829126,7.06374433057046e-05
526,101,11,1.25890260616196,6.99841233744961e-05
527,166,359,1.24725911900322,6.93368459458546e-05
528,172,398,1.23572332150416,6.86955551331688e-05
529,280,122,1.22429421765191,6.80601955667175e-05
530,175,303,1.21297082064568,6.743071238889e-05
531,314,71,1.20175215281151,6.68070512494487e-05
532,361,405,1.19063724551784,6.61891583008372e-05
533,124,64,1.17962513909194,6.55769801935306e-05
534,405,188,1.16871488273699,6.49704640714296e-05
535,88,86,1.15790553445002,6.43695575672965e-05
536,60,372,1.14719616094058,6.37742087982337e-05
537,387,102,1.13658583755012,6.31843663612046e-05
538,328,161,1.12607364817221,6.25999793285948e-05
539,5,153,1.1156586851734,6.20209972438155e-05
540,404,257,1.10534004931486,6.14473701169466e-05
541,7,237,1.09511684967476,6.08790484204206e-05
542,202,24,1.08498820357133,6.03159830847467e-05
543,24,160,1.07495323648664,5.97581254942736e-05
544,157,116,1.06501108199112,5.92054274829921e-05
545,227,284,1.05516088166872,5.86578413303766e-05
546,148,79,1.04540178504284,5.81153197572648e-05
547,1,20,1.03573294950283,5.75778159217754e-05
548,62,304,1.0261535402313,5.70452834152638e-05
549,50,338,1.01666273013202,5.65176762583153e-05
550,280,338,1.00725969975849,5.59949488967749e-05
551,208,113,0.997943637243208,5.54770561978143e-05
552,295,243,0.98871373822758,5.4963953446035e-05
553,368,164,0.979569205792448,5.44555963396076e-05
554,187,137,0.970509250389296,5.39519409864467e-05
555,23,311,0.961533089772078,5.34529439004213e-05
556,115,149,0.952639948929678,5.29585619975998e-05
557,258,93,0.943829060018994,5.24687525925306e-05
558,295,275,0.935099662298642,5.19834733945562e-05
559,183,196,0.926451002063274,5.15026825041621e-05
560,102,374,0.9178823325785,5.10263384093587e-05
561,205,364,0.909392914016414,5.05543999820978e-05
562,10,185,0.900982013391719,5.00868264747208e-05
563,348,118,0.892648904498439,4.96235775164409e-05
564,30,96,0.88439286784722,4.91646131098575e-05
565,220,242,0.876213190603202,4.87098936275029e-05
566,274,261,0.868109166524478,4.82593798084201e-05
567,397,43,0.860080095901115,4.78130327547738e-05
568,369,220,0.852125285494739,4.73708139284916e-05
569,387,186,0.844244048478682,4.69326851479365e-05
570,366,127,0.836435704378679,4.64986085846104e-05
571,56,84,0.828699579014117,4.60685467598878e-05
572,151,155,0.821035004439823,4.56424625417799e-05
573,71,371,0.813441318888393,4.52203191417288e-05
574,196,356,0.805917866713058,4.48020801114308e-05
575,271,108,0.798463998331071,4.43877093396898e-05
576,178,87,0.791079070167624,4.39771710492988e-05
577,241,248,0.783762444600279,4.35704297939516e-05
578,393,67,0.776513489903913,4.3167450455182e-05
579,221,238,0.769331580196182,4.27681982393313e-05
580,175,165,0.762216095383472,4.23726386745448e-05
581,272,311,0.755166421107368,4.1980737607795e-05
582,126,341,0.748181948691602,4.15924612019332e-05
583,326,211,0.741262075089506,4.12077759327673e-05
584,30,296,0.73440620283194,4.08266485861681e-05
585,70,4,0.727613739975706,4.0449046255201e-05
586,156,168,0.720884100052442,4.00749363372849e-05
587,83,273,0.714216702017983,3.97042865313773e-05
588,196,340,0.707610970202195,3.93370648351857e-05
589,137,257,0.701066334259269,3.89732395424036e-05
590,357,316,0.694582229118477,3.86127792399742e-05
591,34,231,0.688158094935385,3.82556528053769e-05
592,256,133,0.681793377043514,3.79018294039412e-05
593,309,372,0.675487525906451,3.75512784861836e-05
594,288,365,0.669239997070397,3.72039697851705e-05
595,274,338,0.663050251117167,3.68598733139047e-05
596,84,209,0.656917753617605,3.65189593627361e-05
597,257,156,0.650841975085449,3.61811984967968e-05
598,173,303,0.644822390931613,3.58465615534596e-05
599,102,49,0.638858481418892,3.55150196398202e-05
600,412,402,0.632949731617086,3.51865441302021e-05
601,193,352,0.627095631358546,3.48611066636856e-05
602,395,336,0.621295675194118,3.45386791416587e-05
603,295,63,0.615549362349507,3.42192337253912e-05
604,356,110,0.60985619668204,3.3902742833631e-05
605,1,283,0.604215686637826,3.35891791402228e-05
606,261,27,0.598627345209315,3.32785155717486e-05
607,281,69,0.593090689893251,3.29707253051903e-05
608,183,279,0.58760524264901,3.26657817656137e-05
609,33,403,0.582170529857327,3.23636586238739e-05
610,400,302,0.576786082279404,3.20643297943422e-05
611,407,50,0.571451435016393,3.17677694326537e-05
612,46,385,0.566166127469259,3.1473951933476e-05
613,390,405,0.560929703299006,3.11828519282981e-05
614,222,179,0.555741710387284,3.08944442832406e-05
615,323,72,0.550601700797347,3.0608704096885e-05
616,409,69,0.545509230735378,3.03256066981242e-05
617,187,401,0.540463860512177,3.00451276440319e-05
618,67,102,0.535465154505189,2.97672427177528e-05
619,366,11,0.530512681120897,2.9491927926411e-05
620,154,97,0.525606012757559,2.92191594990388e-05
621,271,155,0.520744725768284,2.89489138845242e-05
622,13,53,0.515928400424461,2.86811677495778e-05
623,48,202,0.511156620879509,2.84158979767175e-05
624,207,110,0.506428975132981,2.81530816622731e-05
625,305,403,0.501745054994988,2.78926961144086e-05
626,33,12,0.497104456050957,2.76347188511628e-05
627,290,41,0.492506777626708,2.73791275985083e-05
628,303,184,0.487951622753869,2.71259002884287e-05
629,183,218,0.483438598135594,2.68750150570124e-05
630,166,52,0.478967314112606,2.66264502425656e-05
631,371,60,0.474537384629556,2.63801843837417e-05
632,112,376,0.47014842720169,2.61361962176884e-05
633,350,271,0.465800062881821,2.58944646782115e-05
634,324,147,0.461491916227618,2.56549688939568e-05
635,274,402,0.457223615269183,2.5417688186607e-05
636,222,168,0.452994791476937,2.51826020690972e-05
637,75,29,0.448805079729801,2.49496902438456e-05
638,171,13,0.444654118283672,2.47189326010012e-05
639,177,72,0.440541548740186,2.4490309216707e-05
640,291,64,0.43646701601578,2.42638003513806e-05
641,229,135,0.432430168311027,2.4039386448009e-05
642,14,339,0.428430657080266,2.38170481304606e-05
643,239,357,0.424468137001503,2.3596766201812e-05
644,123,325,0.420542265946602,2.33785216426907e-05
645,303,359,0.416652704951741,2.31622956096325e-05
646,367,221,0.412799118188148,2.29480694334553e-05
647,350,218,0.408981172933101,2.27358246176463e-05
648,285,193,0.405198539541206,2.25255428367658e-05
649,384,285,0.40145089141593,2.23172059348643e-05
650,329,255,0.397737904981407,2.21107959239154e-05
651,246,21,0.394059259654496,2.19062949822624e-05
652,29,211,0.390414637817103,2.17036854530795e-05
653,5,68,0.386803724788759,2.15029498428478e-05
654,97,137,0.383226208799447,2.13040708198442e-05
655,142,71,0.379681780962689,2.11070312126454e-05
656,407,327,0.376170135248869,2.09118140086452e-05
657,313,132,0.372690968458815,2.07184023525856e-05
658,176,369,0.36924398019762,2.05267795451014e-05
659,375,116,0.365828872848705,2.03369290412787e-05
660,40,261,0.362445351548121,2.01488344492258e-05
661,354,394,0.359093124159093,1.99624795286587e-05
662,266,141,0.355771901246795,1.9777848189498e-05
663,37,72,0.352481396053358,1.95949244904805e-05
664,413,288,0.349221324473116,1.94136926377823e-05
665,305,394,0.345991405028071,1.92341369836552e-05
666,165,94,0.342791358843593,1.90562420250759e-05
667,327,10,0.33962090962434,1.88799924024071e-05
668,126,54,0.336479783630404,1.87053728980718e-05
669,251,273,0.333367709653672,1.85323684352388e-05
670,189,353,0.330284418994418,1.83609640765215e-05
671,360,58,0.327229645438092,1.81911450226879e-05
672,345,207,0.324203125232345,1.8022896611383e-05
673,22,353,0.32120459706425,1.78562043158625e-05
674,356,39,0.318233802037741,1.76910537437389e-05
675,6,232,0.315290483651262,1.75274306357387e-05
676,308,145,0.312374387775618,1.73653208644712e-05
677,319,287,0.309485262632036,1.7204710433209e-05
678,334,327,0.306622858770421,1.7045585474679e-05
679,232,398,0.303786929047825,1.68879322498655e-05
680,205,224,0.300977228607102,1.67317371468237e-05
681,246,412,0.298193514855771,1.65769866795049e-05
682,412,365,0.295435547445069,1.64236674865915e-05
683,148,80,0.2927030882492,1.62717663303436e-05
684,12,112,0.289995901344771,1.61212700954562e-05
685,119,212,0.287313752990429,1.59721657879266e-05
686,47,319,0.284656411606673,1.58244405339326e-05
687,105,100,0.282023647755862,1.56780815787209e-05
688,386,326,0.279415234122406,1.55330762855061e-05
689,126,355,0.276830945493138,1.5389412134379e-05
690,393,156,0.274270558737869,1.52470767212262e-05
691,37,383,0.271733852790123,1.5106057756659e-05
692,306,185,0.269220608628049,1.49663430649522e-05
693,157,144,0.266730609255512,1.48279205829928e-05
694,261,189,0.264263639683357,1.46907783592388e-05
695,193,31,0.261819486910844,1.45549045526866e-05
696,203,221,0.259397939907261,1.44202874318495e-05
697,144,331,0.256998789593703,1.42869153737441e-05
698,276,3,0.254621828825015,1.41547768628872e-05
699,237,91,0.252266852371915,1.40238604903011e-05
700,376,314,0.249933656903266,1.38941549525292e-05
701,222,184,0.247622040968526,1.37656490506592e-05
702,302,384,0.245331804980352,1.3638331689357e-05
703,405,234,0.243062751197369,1.35121918759081e-05
704,206,236,0.240814683707095,1.33872187192687e-05
705,135,299,0.238587408409026,1.32634014291257e-05
706,305,50,0.236380732997879,1.31407293149642e-05
707,59,394,0.234194466946985,1.30191917851455e-05
708,243,282,0.232028421491842,1.28987783459919e-05
709,14,88,0.229882409613815,1.27794786008807e-05
710,356,270,0.227756246023989,1.26612822493469e-05
711,168,82,0.225649747147172,1.25441790861936e-05
712,5,333,0.223562731106042,1.24281590006111e-05
713,233,18,0.221495017705447,1.23132119753034e-05
714,155,296,0.219446428416844,1.2199328085624e-05
715,42,401,0.217416786362887,1.20864974987185e-05
716,85,241,0.215405916302153,1.19747104726756e-05
717,349,273,0.213413644614015,1.18639573556865e-05
718,184,78,0.211439799283645,1.17542285852108e-05
719,135,347,0.20948420988717,1.16455146871516e-05
720,52,112,0.207546707576951,1.15378062750369e-05
721,189,405,0.205627125067008,1.14310940492096e-05
722,315,145,0.203725296618574,1.13253687960241e-05
723,267,243,0.201841058025789,1.12206213870514e-05
724,408,278,0.199974246601516,1.11168427782903e-05
725,205,300,0.198124701163302,1.1014024009387e-05
726,111,342,0.196292262019454,1.09121562028612e-05
727,139,287,0.194476770955255,1.08112305633397e-05
728,130,219,0.192678071219305,1.0711238376797e-05
729,29,250,0.190896007509983,1.0612171009803e-05
730,208,380,0.18913042596204,1.05140199087772e-05
731,216,319,0.187381174133315,1.04167765992509e-05
732,265,227,0.185648100991572,1.03204326851346e-05
733,384,343,0.183931056901457,1.02249798479939e-05
734,342,97,0.182229893611587,1.01304098463308e-05
735,221,170,0.180544464241738,1.00367145148721e-05
736,154,396,0.178874623270172,9.94388576386482e-06
737,270,108,0.177220226521071,9.85191557837724e-06
738,149,95,0.175581131152083,9.76079601760715e-06
739,65,126,0.173957195641997,9.67051921419615e-06
740,303,73,0.172348279778519,9.58107737355043e-06
741,413,320,0.170754244646167,9.49246277316771e-06
742,361,276,0.169174952614277,9.40466776197051e-06
743,302,291,0.167610267325119,9.31768475964554e-06
744,406,408,0.166060053682125,9.2315062559892e-06
745,209,337,0.164524177838225,9.14612481025916e-06
746,87,136,0.163002507184288,9.0615330505319e-06
747,56,343,0.161494910337675,8.97772367306623e-06
748,372,121,0.160001257130894,8.89468944167265e-06
749,238,350,0.158521418600363,8.81242318708857e-06
750,395,384,0.15705526697527,8.73091780635936e-06
751,291,300,0.155602675666547,8.650166262225e-06
752,206,96,0.154163519255939,8.57016158251254e-06
753,361,160,0.152737673485173,8.49089685953408e-06
754,399,298,0.151325015245231,8.41236524949035e-06
755,290,308,0.149925422565718,8.33455997187982e-06
756,84,286,0.148538774604337,8.25747430891327e-06
757,408,337,0.147164951636448,8.18110160493375e-06
758,56,315,0.145803835044737,8.10543526584197e-06
759,377,263,0.14445530730897,8.0304687585269e-06
760,274,80,0.14311925199585,7.9561956103017e-06
761,34,302,0.14179555374896,7.88260940834492e-06
762,343,70,0.140484098278806,7.80970379914674e-06
763,220,305,0.139184772352948,7.73747248796045e-06
764,231,8,0.137897463786225,7.66590923825894e-06
765,244,141,0.136622061431063,7.59500787119621e-06
766,370,226,0.135358455167889,7.52476226507391e-06
767,274,30,0.134106535895612,7.45516635481279e-06
768,263,231,0.13286619552221,7.386214131429e-06
769,305,406,0.131637326955396,7.31789964151529e-06
770,198,250,0.130419824093368,7.25021698672702e-06
771,317,292,0.129213581815655,7.18316032327282e-06
772,229,182,0.128018495974033,7.11672386141008e-06
773,113,189,0.126834463383539,7.05090186494505e-06
774,400,90,0.125661381813556,6.98568865073756e-06
775,90,121,0.124499149978993,6.92107858821034e-06
776,183,403,0.123347667531536,6.85706609886287e-06
777,16,208,0.122206835050982,6.79364565578973e-06
778,284,381,0.121076554036659,6.73081178320338e-06
779,44,347,0.11995672689892,6.66855905596141e-06
780,196,131,0.118847256950717,6.60688209909808e-06
781,275,131,0.11774804839925,6.54577558736031e-06
782,279,255,0.116659006337702,6.48523424474782e-06
783,336,390,0.115580036737039,6.42525284405763e-06
784,372,306,0.114511046437895,6.36582620643273e-06
785,351,115,0.113451943142527,6.30694920091495e-06
786,217,211,0.112402635406847,6.24861674400189e-06
787,261,29,0.111363032632524,6.19082379920812e-06
788,235,291,0.110333045059166,6.13356537663018e-06
789,154,267,0.109312583756566,6.07683653251586e-06
790,390,2,0.108301560617025,6.0206323688373e-06
791,62,86,0.107299888347746,5.96494803286809e-06
792,276,204,0.106307480463295,5.90977871676429e-06
793,74,3,0.105324251278135,5.85511965714934e-06
794,199,397,0.104350115899228,5.80096613470272e-06
795,15,16,0.103384990218704,5.74731347375256e-06
796,102,279,0.1024287909066,5.69415704187187e-06
797,178,324,0.101481435403666,5.64149224947859e-06
798,232,190,0.100542841914234,5.58931454943936e-06
799,354,285,0.099612929399158,5.53761943667686e-06
800,28,184,0.0986916175688176,5.48640244778088e-06
